-- MySQL dump 10.13  Distrib 8.0.17, for Win64 (x86_64)
--
-- Host: localhost    Database: concesionario
-- ------------------------------------------------------
-- Server version	8.0.17

/*!40101 SET @OLD_CHARACTER_SET_CLIENT=@@CHARACTER_SET_CLIENT */;
/*!40101 SET @OLD_CHARACTER_SET_RESULTS=@@CHARACTER_SET_RESULTS */;
/*!40101 SET @OLD_COLLATION_CONNECTION=@@COLLATION_CONNECTION */;
/*!50503 SET NAMES utf8mb4 */;
/*!40103 SET @OLD_TIME_ZONE=@@TIME_ZONE */;
/*!40103 SET TIME_ZONE='+00:00' */;
/*!40014 SET @OLD_UNIQUE_CHECKS=@@UNIQUE_CHECKS, UNIQUE_CHECKS=0 */;
/*!40014 SET @OLD_FOREIGN_KEY_CHECKS=@@FOREIGN_KEY_CHECKS, FOREIGN_KEY_CHECKS=0 */;
/*!40101 SET @OLD_SQL_MODE=@@SQL_MODE, SQL_MODE='NO_AUTO_VALUE_ON_ZERO' */;
/*!40111 SET @OLD_SQL_NOTES=@@SQL_NOTES, SQL_NOTES=0 */;

--
-- Table structure for table `alquileres`
--

DROP TABLE IF EXISTS `alquileres`;
/*!40101 SET @saved_cs_client     = @@character_set_client */;
/*!50503 SET character_set_client = utf8mb4 */;
CREATE TABLE `alquileres` (
  `id_alquiler` int(10) unsigned NOT NULL AUTO_INCREMENT,
  `id_usuario` int(10) unsigned DEFAULT NULL,
  `id_coche` int(10) unsigned DEFAULT NULL,
  `prestado` datetime DEFAULT NULL,
  `devuelto` datetime DEFAULT NULL,
  PRIMARY KEY (`id_alquiler`)
) ENGINE=InnoDB AUTO_INCREMENT=8 DEFAULT CHARSET=utf8mb4 COLLATE=utf8mb4_0900_ai_ci;
/*!40101 SET character_set_client = @saved_cs_client */;

--
-- Dumping data for table `alquileres`
--

LOCK TABLES `alquileres` WRITE;
/*!40000 ALTER TABLE `alquileres` DISABLE KEYS */;
INSERT INTO `alquileres` VALUES (1,1,2,'2024-02-10 09:00:00','2024-02-15 18:00:00'),(2,2,4,'2024-02-12 10:30:00','2024-02-17 14:45:00'),(3,3,1,'2024-02-14 08:15:00','2024-02-19 16:30:00'),(4,4,3,'2024-02-16 11:45:00','2024-02-21 20:00:00'),(7,5,5,'2024-02-18 13:00:00','2024-02-23 19:15:00');
/*!40000 ALTER TABLE `alquileres` ENABLE KEYS */;
UNLOCK TABLES;

--
-- Table structure for table `coches`
--

DROP TABLE IF EXISTS `coches`;
/*!40101 SET @saved_cs_client     = @@character_set_client */;
/*!50503 SET character_set_client = utf8mb4 */;
CREATE TABLE `coches` (
  `id_coche` int(10) unsigned NOT NULL AUTO_INCREMENT,
  `modelo` varchar(50) DEFAULT NULL,
  `marca` varchar(50) DEFAULT NULL,
  `color` varchar(50) DEFAULT NULL,
  `precio` float DEFAULT NULL,
  `alquilado` tinyint(1) DEFAULT NULL,
  `foto` varchar(300) DEFAULT NULL,
  PRIMARY KEY (`id_coche`)
) ENGINE=InnoDB AUTO_INCREMENT=6 DEFAULT CHARSET=utf8mb4 COLLATE=utf8mb4_0900_ai_ci;
/*!40101 SET character_set_client = @saved_cs_client */;

--
-- Dumping data for table `coches`
--

LOCK TABLES `coches` WRITE;
/*!40000 ALTER TABLE `coches` DISABLE KEYS */;
INSERT INTO `coches` VALUES (1,'Model S','Tesla','Rojo',80000,0,'tesla_model_s.jpg'),(2,'Civic','Honda','Azul',25000,1,'honda_civic.jpg'),(3,'Mustang','Ford','Negro',55000,0,'ford_mustang.jpg'),(4,'Golf','Volkswagen','Blanco',22000,1,'vw_golf.jpg'),(5,'Corolla','Toyota','Gris',20000,0,'toyota_corolla.jpg');
/*!40000 ALTER TABLE `coches` ENABLE KEYS */;
UNLOCK TABLES;

--
-- Table structure for table `usuarios`
--

DROP TABLE IF EXISTS `usuarios`;
/*!40101 SET @saved_cs_client     = @@character_set_client */;
/*!50503 SET character_set_client = utf8mb4 */;
CREATE TABLE `usuarios` (
  `id_usuario` int(10) unsigned NOT NULL AUTO_INCREMENT,
  `password` varchar(100) DEFAULT NULL,
  `nombre` varchar(50) DEFAULT NULL,
  `apellidos` varchar(50) DEFAULT NULL,
  `dni` varchar(9) DEFAULT NULL,
  `saldo` float DEFAULT NULL,
  PRIMARY KEY (`id_usuario`)
) ENGINE=InnoDB AUTO_INCREMENT=6 DEFAULT CHARSET=utf8mb4 COLLATE=utf8mb4_0900_ai_ci;
/*!40101 SET character_set_client = @saved_cs_client */;

--
-- Dumping data for table `usuarios`
--

LOCK TABLES `usuarios` WRITE;
/*!40000 ALTER TABLE `usuarios` DISABLE KEYS */;
INSERT INTO `usuarios` VALUES (1,'password123','Juan','Pérez López','12345678A',1000.5),(2,'securePass!','María','García Fernández','23456789B',2000.75),(3,'claveSecreta','Carlos','Martínez Gómez','34567890C',1500.25),(4,'miPass2024','Laura','Sánchez Ruiz','45678901D',3000.8),(5,'superClave','Pedro','Rodríguez Díaz','56789012E',500.6);
/*!40000 ALTER TABLE `usuarios` ENABLE KEYS */;
UNLOCK TABLES;
/*!40103 SET TIME_ZONE=@OLD_TIME_ZONE */;

/*!40101 SET SQL_MODE=@OLD_SQL_MODE */;
/*!40014 SET FOREIGN_KEY_CHECKS=@OLD_FOREIGN_KEY_CHECKS */;
/*!40014 SET UNIQUE_CHECKS=@OLD_UNIQUE_CHECKS */;
/*!40101 SET CHARACTER_SET_CLIENT=@OLD_CHARACTER_SET_CLIENT */;
/*!40101 SET CHARACTER_SET_RESULTS=@OLD_CHARACTER_SET_RESULTS */;
/*!40101 SET COLLATION_CONNECTION=@OLD_COLLATION_CONNECTION */;
/*!40111 SET SQL_NOTES=@OLD_SQL_NOTES */;

-- Dump completed on 2025-03-02 22:25:33
